{"val_loss": [1.245986332130432, 0.948504463672638, 0.8906654389381409, 0.827363039302826, 0.8505421056747436, 0.8152992066383362, 0.8372202494621277, 0.8386190131187439, 0.8491494388103485, 0.9342745439529418, 0.8386881000518799, 1.001738758468628, 1.0055699238300324, 0.9608221594810485, 0.8603489883422851, 0.9521139675855637, 0.9353246366977692, 0.8830543166160584, 1.1073059530258178, 1.2929760576248168, 1.0810887135505676, 1.0131446696281432, 1.0904151926279069, 1.1848981558799743, 1.1529359973907471, 0.9492981966495514, 0.9964529446601867, 0.9381973296165467, 1.3427502866744996, 1.100754213476181, 1.2926102849006653, 1.2565407595634461, 0.9807686218261719, 1.1634167848587036, 1.1873912852287292, 1.4263810950279237, 1.1177939762115479, 1.2233762100219727, 1.247521427822113, 1.2763514917373657, 1.1480561597347259, 1.1972558980941772, 1.3059841298103332, 1.4241215886116028, 1.3716606595039367, 1.3648131433486939, 1.577904656791687, 1.2932190150260925, 1.2744846698760985, 1.0662392289161682], "val_acc": [0.5645, 0.6651, 0.6925, 0.719, 0.7155, 0.7303, 0.7309, 0.7416, 0.7404, 0.749, 0.7439, 0.7521, 0.7489, 0.757, 0.7495, 0.7526, 0.7598, 0.7551, 0.75, 0.7457, 0.7369, 0.747, 0.747, 0.7425, 0.7556, 0.7412, 0.7438, 0.7098, 0.7494, 0.7495, 0.7563, 0.7446, 0.6969, 0.7505, 0.7428, 0.7563, 0.7424, 0.7483, 0.7443, 0.7529, 0.7407, 0.7392, 0.7487, 0.7498, 0.7451, 0.7516, 0.7267, 0.7393, 0.738, 0.7252], "loss": [1.733497532749176, 1.2493995604515076, 1.0242679139375688, 0.8923800097227097, 0.79101910738945, 0.7217447333335877, 0.6654531699180602, 0.6244090327620506, 0.5919011813759804, 0.5574679195702076, 0.5336163969755173, 0.5187698790073395, 0.5122146652936935, 0.48851338532865046, 0.4904335156530142, 0.4846762663036585, 0.4862499512255192, 0.4865773736953735, 0.4778823864728212, 0.48934727738201617, 0.5030964319378137, 0.4971812110632658, 0.5105249914705753, 0.5332952969670296, 0.5378393458127976, 0.5310359473079443, 0.5532972935721279, 0.5552267626315355, 0.5777936707109212, 0.5895697363734246, 0.5732598966181278, 0.5761056961823254, 0.5885020727366209, 0.6155872618228198, 0.6109158797681332, 0.6111611504465342, 0.6299542580604554, 0.6400302277445793, 0.6437897884204984, 0.6366990740805865, 0.6442568384230137, 0.6705878767549992, 0.6441132671952248, 0.6678922117263079, 0.6703557819247246, 0.6881872728183865, 0.6694946402609349, 0.6742523257315158, 0.7004409470975399, 0.7090155372798442], "acc": [0.370625, 0.562225, 0.645175, 0.69405, 0.7295, 0.756475, 0.77485, 0.789525, 0.80245, 0.81665, 0.825625, 0.8304, 0.833925, 0.84585, 0.845275, 0.8512, 0.84775, 0.8513, 0.8546, 0.853325, 0.8523, 0.85215, 0.84945, 0.845475, 0.84335, 0.846325, 0.841325, 0.840875, 0.83535, 0.837, 0.836475, 0.8373, 0.834875, 0.827475, 0.829325, 0.829725, 0.82705, 0.822025, 0.8212, 0.823875, 0.818875, 0.8134, 0.819275, 0.812725, 0.809075, 0.81035, 0.814725, 0.81325, 0.806825, 0.804575]}