{"val_loss": [1.494648773765564, 1.1555033996582031, 0.9738323038101196, 0.8792748942375183, 0.9105060300827026, 0.7518654692649841, 0.742073509979248, 0.7583067052841187, 0.7083267822265625, 0.7480195682525634, 0.7819079982757569, 0.7501591910362244, 0.7174313705444336, 0.7773601099014282, 0.7106857395172119, 0.7893367417335511, 0.84744491481781, 0.7906878910064697, 0.8631509071350097, 0.7994182455062866, 0.8314897530555725, 0.8162785261154175, 1.0544895301818848, 1.0157143138885498, 0.8205087417602539, 0.9510909116744996, 0.9251047664642335, 1.0984274168014527, 1.1431958362579346, 1.0521570989608764, 1.2053634355545044, 0.9408283288955689, 1.012633966445923, 1.2877746627807618, 0.9587298044204712, 1.1034413177490234, 1.3056635297775268, 1.2071105186462403, 0.879489439201355, 1.0589074472427369, 1.3297572368621826, 1.1561786521911621, 1.0743131016731262, 1.5223208106994628, 1.541166782951355, 1.2611975793838501, 0.9430476593017578, 1.053183065032959, 1.1941272357940673, 0.9208711122512817, 1.4067514466285707, 1.2622908628463745, 1.4235848114013672, 1.1216470081329346, 1.445435982131958, 1.2265259866714477, 1.5090254177093505, 0.938987672996521, 1.9168425342559814, 1.083031413078308, 1.2423630640029908, 1.1264095531463623, 1.4094842643737793, 1.3426557317733765, 1.0442269968032838, 1.332710422706604, 1.0072855659484863, 1.0256156986236573, 1.5311772277832032, 1.087206854057312, 1.0742167150497437, 1.378094623565674, 1.3573737561225891, 1.4749370231628418, 1.1617463555335998, 0.9898584154129029, 1.0078059392929077, 1.129135676765442, 1.0808727785110475, 1.110787539958954, 1.207550055885315, 1.026586369895935, 1.1432875970840455, 0.9190799709320069, 1.2086279163360596, 0.9385107358932495, 1.1201267414093017, 1.9754294704437256, 1.3407926979064941, 0.9418478569030762, 1.0206115468978882, 1.0389242177963256, 1.5087921365737915, 1.438440860748291, 1.1573443294525148, 1.3767776453018188, 1.3009927760124207, 1.0324657091140748, 1.0888267385482788, 1.6227585151672363, 0.9481958066940308, 1.0265100526809692, 2.2144103050231934, 1.2068633583068848, 1.3502564395904542, 1.277996520805359, 1.2751005966186524, 1.0526837202072143, 1.4501800931930542, 1.5054628814697266, 1.0343505434036255, 1.2469114210128784, 1.2659654405593872, 1.272604233264923, 1.4756075452804565, 0.9919399108886718, 1.40332794380188, 1.6166839860916138, 1.0349016506195068, 1.2013833211898803], "val_acc": [0.4632, 0.6052, 0.6665, 0.696, 0.692, 0.7433, 0.7451, 0.7434, 0.7637, 0.7612, 0.7643, 0.7463, 0.7701, 0.7781, 0.7821, 0.7715, 0.7827, 0.7904, 0.7841, 0.7597, 0.7867, 0.7854, 0.7773, 0.7811, 0.7877, 0.7761, 0.7772, 0.7858, 0.7801, 0.7769, 0.7823, 0.7766, 0.7841, 0.7815, 0.7018, 0.7802, 0.7916, 0.7737, 0.7605, 0.7811, 0.7845, 0.7741, 0.7851, 0.787, 0.7812, 0.7908, 0.7466, 0.7834, 0.7786, 0.7442, 0.7751, 0.7741, 0.7873, 0.7578, 0.7849, 0.7922, 0.7755, 0.7687, 0.7593, 0.7723, 0.7792, 0.7597, 0.7835, 0.7806, 0.781, 0.7702, 0.7414, 0.7385, 0.7853, 0.7738, 0.7823, 0.7691, 0.775, 0.7888, 0.7736, 0.7241, 0.751, 0.7639, 0.7488, 0.7733, 0.7778, 0.6717, 0.7634, 0.76, 0.7728, 0.7504, 0.776, 0.7735, 0.7878, 0.7573, 0.7555, 0.7646, 0.7685, 0.7849, 0.7835, 0.5141, 0.7867, 0.7802, 0.7428, 0.779, 0.7464, 0.7249, 0.7764, 0.783, 0.7856, 0.7953, 0.7953, 0.7183, 0.7796, 0.7927, 0.742, 0.7775, 0.7828, 0.7663, 0.7859, 0.7762, 0.7755, 0.783, 0.7377, 0.7835], "loss": [1.8807350978851318, 1.394084438419342, 1.1447482124328614, 0.9885878405570984, 0.8768674181938172, 0.7940194152832031, 0.7117602286815643, 0.6543612185955048, 0.5987103553771973, 0.5570796107530593, 0.5229592836380005, 0.48698488862514494, 0.4605503543138504, 0.43590669021606443, 0.4135773858785629, 0.39392912533283236, 0.3924837122797966, 0.3799840440750122, 0.3696020541906357, 0.3727586220264435, 0.37252747057676316, 0.37126199756860734, 0.37097515313625334, 0.3667677501797676, 0.36778165534734725, 0.3628945067048073, 0.36552469596266746, 0.36392285100221633, 0.35830519454479215, 0.36638839188814165, 0.3826130801916122, 0.36447935966849326, 0.3779126313477755, 0.3737239826977253, 0.38337126762866974, 0.39485461584329606, 0.38028016666173936, 0.3833724729657173, 0.3884184366762638, 0.39882144495248795, 0.3839979488015175, 0.3984572846412659, 0.4032271572470665, 0.400371761059761, 0.41074104643166065, 0.4124306009709835, 0.41924439354538917, 0.4096904840946198, 0.4235433632731438, 0.43237232999801634, 0.43511330335438253, 0.4272498520195484, 0.4256613535314798, 0.41743826605677603, 0.43680058203935623, 0.44497322790026667, 0.4395932206749916, 0.4373541474223137, 0.446992736402154, 0.4599299623131752, 0.4544740313410759, 0.44654516419172285, 0.4628535751402378, 0.464314262342453, 0.4603988704919815, 0.45732800669670104, 0.4675242445349693, 0.47533245420455933, 0.458608918184042, 0.47310841302871703, 0.44275624123215673, 0.4688981367051601, 0.47098624410629275, 0.4803105211377144, 0.4794710969686508, 0.4685667662143707, 0.47297363953888416, 0.48463674199581147, 0.4776740110874176, 0.4838927868098021, 0.4785344858109951, 0.4843526164650917, 0.48381186652183533, 0.4922237826526165, 0.49122907087802886, 0.46804677966833114, 0.47188593628257514, 0.4811336472153664, 0.5036580860972405, 0.5024448652982711, 0.47505224478244784, 0.504831918245554, 0.48095862789452076, 0.4827605182647705, 0.492521854531765, 0.4863732859253883, 0.49991594973802567, 0.4861816567063332, 0.5013187272429466, 0.47189075899124144, 0.48079611219763757, 0.49850929132699967, 0.4718621967077255, 0.475517688947916, 0.48104752998948097, 0.47789274176061153, 0.49256637122035024, 0.4901494119167328, 0.4924939664721489, 0.4788971583664417, 0.47084397300481795, 0.48262187248468397, 0.4856765591919422, 0.48557772802114485, 0.47185276283174754, 0.4814333464741707, 0.48366992008686066, 0.501442666631937, 0.4894068659543991, 0.5016515813350677], "acc": [0.311525, 0.503325, 0.60165, 0.659075, 0.697275, 0.727375, 0.756325, 0.775, 0.79605, 0.809175, 0.8223, 0.83205, 0.843175, 0.851475, 0.864025, 0.86975, 0.8728, 0.8744, 0.879575, 0.880775, 0.883325, 0.8844, 0.885725, 0.887825, 0.890825, 0.890975, 0.89095, 0.892225, 0.8956, 0.89435, 0.89245, 0.896675, 0.894775, 0.895325, 0.89445, 0.8906, 0.8931, 0.8931, 0.892075, 0.892425, 0.8945, 0.89415, 0.8927, 0.892475, 0.88945, 0.88765, 0.88815, 0.890875, 0.886975, 0.888075, 0.888675, 0.890725, 0.888475, 0.891475, 0.887, 0.8847, 0.88685, 0.890125, 0.884225, 0.882875, 0.884625, 0.884675, 0.8822, 0.880575, 0.88255, 0.884325, 0.88305, 0.880725, 0.8855, 0.8825, 0.88715, 0.883375, 0.8769, 0.87975, 0.87795, 0.8815, 0.88285, 0.879, 0.8819, 0.879, 0.879325, 0.879475, 0.8817, 0.874325, 0.877275, 0.879475, 0.883375, 0.88205, 0.87575, 0.878875, 0.880875, 0.875025, 0.881925, 0.87885, 0.87855, 0.877275, 0.876825, 0.879975, 0.88095, 0.879425, 0.880975, 0.876, 0.883, 0.88225, 0.882775, 0.8824, 0.879025, 0.87915, 0.8775, 0.881725, 0.8837, 0.879675, 0.87975, 0.884425, 0.88175, 0.883475, 0.881375, 0.8785, 0.881325, 0.877975]}