{"val_loss": [1.2688815273284912, 1.0005438086509704, 0.928251858329773, 0.8620049505233764, 0.7820358522415161, 0.7749760809898376, 0.8473537617683411, 0.8367813303947449, 0.770911526966095, 0.753475629901886, 0.7663279968261719, 0.8007084729194641, 0.7977940417766571, 0.8229471307754517, 1.0066356917381287, 0.8023275096893311, 0.8449928059577941, 0.8416569066047669, 0.8609267395019531, 0.9120136199951172, 0.9479189254760743, 0.9765423932075501, 1.1859485295772552, 1.086230779504776, 1.1533100261211395, 0.8661881371498108, 0.9401931127548218, 0.9231317801475525, 0.9358320308685303, 1.02388634557724, 1.1337333520889281, 1.0206147964477539, 1.0663754089355468, 0.9011614908218384, 0.9531307470321655, 0.984624115562439, 1.2042039998531342, 1.072010702896118, 1.347631961464882, 1.4961995574474334, 1.061948802280426, 1.192653171157837, 1.0141001048088074, 1.0272475633621216, 0.9817530643939972, 0.9643238300323487, 1.0652917455673219, 1.0119944703102113, 1.0483162360191345, 1.33043780169487, 1.292051610660553, 1.0287754389762878, 0.9623652831077576, 1.2472516679763794, 1.0247972110748291, 0.9598863804817199, 0.9626953099250793, 1.110522661590576, 1.2950185788154602, 1.007373863887787, 1.158183859539032, 0.9606858097076416, 1.0935470145225525, 0.9924646604061127, 1.064435426902771, 1.2555161427021027, 1.0303210381507875, 0.9860983190536499, 1.1137693053245545, 1.5403961044311523, 1.762602375793457, 1.0789081543922425, 1.5521966217041017, 1.6386331575393678, 1.1746802962303162, 1.0383069540977479, 1.2056036350250243, 1.3168447504520415, 0.9866627698898316, 2.648756314468384, 1.481568400669098, 1.0057424723625183, 1.2042898027420044, 0.9824455947875976, 1.0219804704666138, 1.0171467706680297, 1.2630465447425843, 1.578445622062683, 1.0003266327857971, 1.0594254388809203, 1.0221773591041565, 1.1190198512077332, 1.1161312911987304, 1.0500337510108948, 1.0843056966781617, 1.1648350323677064, 1.1189753334999084, 1.2528475281715392, 1.0818686900138854, 0.9675548850059509], "val_acc": [0.5416, 0.6554, 0.6933, 0.7052, 0.7317, 0.74, 0.7275, 0.7465, 0.7547, 0.7568, 0.7521, 0.7591, 0.766, 0.7555, 0.7477, 0.7539, 0.7505, 0.7342, 0.7461, 0.7359, 0.7023, 0.7007, 0.7513, 0.7492, 0.7596, 0.7442, 0.7316, 0.7373, 0.729, 0.7471, 0.7571, 0.6907, 0.7469, 0.75, 0.7174, 0.7444, 0.7552, 0.7403, 0.7428, 0.7288, 0.7406, 0.7538, 0.7112, 0.7189, 0.7459, 0.7451, 0.7258, 0.7456, 0.7398, 0.7454, 0.7484, 0.6911, 0.7384, 0.7457, 0.7453, 0.7347, 0.7359, 0.7416, 0.7405, 0.7198, 0.7422, 0.7333, 0.7458, 0.7422, 0.7453, 0.723, 0.716, 0.7268, 0.737, 0.722, 0.7213, 0.7265, 0.7244, 0.7397, 0.7466, 0.7234, 0.7413, 0.7257, 0.7005, 0.6747, 0.7216, 0.7056, 0.621, 0.7141, 0.6989, 0.7056, 0.7158, 0.7544, 0.7027, 0.7309, 0.7315, 0.729, 0.7186, 0.7369, 0.7325, 0.74, 0.7408, 0.7161, 0.6622, 0.706], "loss": [1.7183789706230164, 1.2394128449440003, 1.0288453392744064, 0.8969476575374603, 0.8074281389951706, 0.7383341279506683, 0.6801021090149879, 0.6378140967309475, 0.6120580082416535, 0.5833744463920594, 0.5741996742963791, 0.549100770765543, 0.5501925662696362, 0.5393532124459743, 0.5422471831321717, 0.5404657733649015, 0.5405480199158191, 0.5391582784891129, 0.5445393711745738, 0.5342487473338843, 0.5591623585358262, 0.5503414602935314, 0.5698275382459164, 0.5734407808214426, 0.5765180854618549, 0.5769773826569319, 0.5877360951960087, 0.5955556783199311, 0.5859818643271923, 0.6048879415869712, 0.6244552071951329, 0.5900655544102192, 0.6135741144537926, 0.6271552286341786, 0.6271154051840305, 0.6287083424188197, 0.6468317683279514, 0.6543102424561977, 0.6538228924006224, 0.6639687319040298, 0.6525615654826165, 0.6643277249753475, 0.6591870708823204, 0.688092395222187, 0.6638237508416176, 0.6839313889324665, 0.6832566662192344, 0.687731218367815, 0.6762307946681976, 0.6989268611125649, 0.6979887447059154, 0.7108725982159376, 0.6942348968148232, 0.6886900421261788, 0.7093181309759616, 0.6903837764441967, 0.7054142465591431, 0.7107082872867584, 0.7001272634506226, 0.7047522874176502, 0.6946616119384765, 0.7099945554316044, 0.7117894705325365, 0.7056669872261584, 0.7158068213760853, 0.7196905974745751, 0.722391294825077, 0.7210982535362244, 0.7223078735947609, 0.7206114237904548, 0.7182218178093434, 0.7321905692458153, 0.7229529169768095, 0.7432473723232746, 0.7209725184321404, 0.7240800688266754, 0.735597024011612, 0.7201402524948121, 0.7319076586663723, 0.7270158455908299, 0.7166052414417267, 0.7182665039479732, 0.720873063030839, 0.7417288445949555, 0.7266286157667637, 0.7151159269094467, 0.737102038949728, 0.7207527426660061, 0.7444011809885502, 0.7334111123085022, 0.7287276350200176, 0.7447876562952995, 0.7359104518532753, 0.7347353394508361, 0.7417833483964205, 0.7492938916295767, 0.7293208107769489, 0.740918809555471, 0.7361409817516804, 0.7333643400371075], "acc": [0.3764, 0.5689, 0.64515, 0.692825, 0.727125, 0.749525, 0.77005, 0.78625, 0.796425, 0.80715, 0.811475, 0.823175, 0.82345, 0.82835, 0.830275, 0.83495, 0.83185, 0.8325, 0.83515, 0.83935, 0.834575, 0.836425, 0.831525, 0.83355, 0.832525, 0.831175, 0.83015, 0.8285, 0.82875, 0.82605, 0.821575, 0.82975, 0.823025, 0.8222, 0.82405, 0.823175, 0.81995, 0.815075, 0.817175, 0.814475, 0.8179, 0.813475, 0.8178, 0.808725, 0.810975, 0.811, 0.810475, 0.80435, 0.81265, 0.8065, 0.80475, 0.801825, 0.8107, 0.810775, 0.804425, 0.8066, 0.8031, 0.8037, 0.80495, 0.80335, 0.80675, 0.799125, 0.804875, 0.80545, 0.80295, 0.80165, 0.801225, 0.802475, 0.8018, 0.798775, 0.8031, 0.8006, 0.8036, 0.79985, 0.802775, 0.8006, 0.797675, 0.801575, 0.79955, 0.80225, 0.798725, 0.80255, 0.8023, 0.797, 0.80325, 0.800675, 0.79755, 0.801875, 0.796525, 0.7984, 0.80005, 0.793825, 0.8024, 0.797325, 0.797825, 0.794125, 0.80105, 0.7985, 0.801575, 0.797975]}