{"val_loss": [1.290842767906189, 1.0487916206359864, 0.9541875985145569, 0.8489786074638367, 0.7698306783676148, 0.8038863767623902, 0.7158372255325317, 0.7500839937210083, 0.7912588272571563, 0.7469454885005951, 0.8841494372844696, 0.7762952820777893, 0.8142057902336121, 0.7811185334205627, 0.7448149863719941, 0.9442686203479767, 0.8407420954704284, 0.9641052398204804, 0.8762572501182556, 0.7481104826927185, 0.7795130564689636, 0.8892782261371612, 0.8778888619422912, 0.9261544801235199, 0.9011795397281647, 0.83333378200531, 1.109613634777069, 0.7876860087394715, 0.8417363602638245, 0.9242356194496155, 1.0039221856594085, 0.9055846507072449, 0.9877696902751922, 0.9947277171373368, 0.9560527796745301, 1.0338529053926468, 0.8871156373023987, 1.2904946141719817, 0.9844145735740661, 1.008561306810379, 0.9352059415817261, 1.194335741531849, 0.8911978190422059, 0.9890936147928238, 0.9041366979598999, 0.9082035393714905, 0.8396055068016052, 0.957239647436142, 1.0237637725830078, 0.8628559090614318], "val_acc": [0.531, 0.6265, 0.6624, 0.7067, 0.7315, 0.7246, 0.7569, 0.7576, 0.7497, 0.762, 0.757, 0.7662, 0.7632, 0.7697, 0.7704, 0.7574, 0.7547, 0.7653, 0.7358, 0.7729, 0.769, 0.7679, 0.7676, 0.776, 0.7671, 0.7719, 0.7609, 0.7673, 0.7341, 0.7721, 0.7685, 0.753, 0.7683, 0.7683, 0.7636, 0.769, 0.7551, 0.7619, 0.7733, 0.7594, 0.7337, 0.7668, 0.7648, 0.7703, 0.7465, 0.7686, 0.7641, 0.7594, 0.7645, 0.7619], "loss": [1.697509904050827, 1.2469261901378632, 1.0387705223321915, 0.9041131667852401, 0.8056717774868012, 0.7355466262578965, 0.6799278873205185, 0.6342274012565613, 0.6110937746167183, 0.5839950487136841, 0.5584429895281792, 0.5378274744033813, 0.5297082518815994, 0.5149193150877952, 0.506023012405634, 0.4895372694760561, 0.49336573168635367, 0.4840959420204163, 0.47439429498314856, 0.4708741926014423, 0.4658456231892109, 0.4652174708545208, 0.4546994882673025, 0.46460041964352133, 0.44984962876439094, 0.45645687809586527, 0.45387201973497865, 0.45584784804582595, 0.4568266369879246, 0.4531899159312248, 0.4522800946295261, 0.4591427227437496, 0.45852547906935215, 0.4667511186003685, 0.46220498663187026, 0.4617751761481166, 0.46188614176511766, 0.46813123486340047, 0.4735574800401926, 0.47288833282589915, 0.48817743600308894, 0.48052648459672925, 0.4852768750041723, 0.489150415417552, 0.48857711993157865, 0.5022686173588038, 0.5056569075360894, 0.512266820281744, 0.5094994060814381, 0.5043065891712903], "acc": [0.3824, 0.55845, 0.634725, 0.684275, 0.72135, 0.743875, 0.7669, 0.7829, 0.78995, 0.802175, 0.8138, 0.81605, 0.82405, 0.830525, 0.833425, 0.841025, 0.8394, 0.84615, 0.8456, 0.850625, 0.8515, 0.852275, 0.85575, 0.856375, 0.859925, 0.86035, 0.857775, 0.859825, 0.860375, 0.8614, 0.864025, 0.8615, 0.863475, 0.859775, 0.862775, 0.8623, 0.861375, 0.86155, 0.858475, 0.861175, 0.858375, 0.858075, 0.857725, 0.859725, 0.857525, 0.85275, 0.85705, 0.8537, 0.854825, 0.8557]}