{"val_loss": [1.237659932899475, 0.9992590366363525, 0.8917223268508911, 0.8227202308654785, 0.7836004105567932, 0.8017518548965454, 0.7932361776351928, 0.8264356536388398, 0.8364785820960998, 0.8444340002059937, 0.8930015178203583, 0.8752770349502563, 1.0063193291187287, 0.8697935732841492, 1.014258577632904, 1.132186393213272, 1.148882583618164, 0.9216518862724304, 0.8785291534423828, 1.2702088067054749, 1.3805461479902268, 1.0713593476772307, 1.0534061301231383, 0.9153265864372253, 0.9939918539524079, 0.9388800077438354, 0.9849465841293334, 1.171190452003479, 0.971605352973938, 1.161825472164154, 1.170890366268158, 1.3893421387672424, 1.1565001289367676, 0.9779539162158966, 1.5470172509431839, 1.079838871192932, 1.41485014128685, 1.5553951539993287, 1.2034896625518798, 1.1301461784362794, 1.344958566904068, 1.233533025932312, 1.2338152432918548, 1.1363435905456543, 1.3197332907676698, 1.0814200023651124, 1.313643207359314, 1.3290700218200684, 1.3391817616462707, 1.4120429456710815], "val_acc": [0.558, 0.6523, 0.6959, 0.7205, 0.7411, 0.7405, 0.7489, 0.7416, 0.7537, 0.7535, 0.7455, 0.7593, 0.7561, 0.751, 0.7577, 0.7551, 0.7576, 0.753, 0.7385, 0.7572, 0.7497, 0.7495, 0.7211, 0.7442, 0.7564, 0.7459, 0.7481, 0.7376, 0.7407, 0.7496, 0.7466, 0.7516, 0.759, 0.7392, 0.7527, 0.737, 0.7465, 0.743, 0.7455, 0.7426, 0.7556, 0.6548, 0.7536, 0.7461, 0.7415, 0.7435, 0.756, 0.7524, 0.7602, 0.743], "loss": [1.7246095782756805, 1.2231419996261597, 1.015774679374695, 0.8844087049484253, 0.7871773268938065, 0.7182033520579338, 0.6592371091127396, 0.6172607556700707, 0.5851579529881478, 0.5613223777592182, 0.5371908540189266, 0.5347182286858558, 0.5222001420974731, 0.519693770045042, 0.5104370463758707, 0.5159967953205109, 0.529910157996416, 0.5164084114998579, 0.530929245108366, 0.5356206635326147, 0.5398944942772389, 0.5482037301719189, 0.543544248046726, 0.5519093131124974, 0.564529076603055, 0.5783513991743326, 0.5824478496283293, 0.58533186673522, 0.5719747587949038, 0.610074163544178, 0.6080971513539553, 0.5937628760710358, 0.6246955668240786, 0.6181507789373398, 0.6378958302438259, 0.6417761175453663, 0.643606271648407, 0.650994065451622, 0.6521665297016501, 0.6602918908834458, 0.6516744271934033, 0.6780889974355697, 0.676702095285058, 0.6752174614518881, 0.6773120956301689, 0.6740867152035236, 0.6750332633435726, 0.6724854388475419, 0.7001126342073083, 0.6984347645610571], "acc": [0.377275, 0.5722, 0.6462, 0.698225, 0.730725, 0.75905, 0.7761, 0.791575, 0.8037, 0.81655, 0.824025, 0.82725, 0.8348, 0.8348, 0.8416, 0.8445, 0.8395, 0.8456, 0.838925, 0.847275, 0.8417, 0.842125, 0.8416, 0.841225, 0.8382, 0.834925, 0.834625, 0.83735, 0.835425, 0.8291, 0.8306, 0.833375, 0.82605, 0.82895, 0.8207, 0.824275, 0.82075, 0.820575, 0.816825, 0.815525, 0.818575, 0.81195, 0.815775, 0.8179, 0.81215, 0.813, 0.812525, 0.81535, 0.809225, 0.811725]}