{"val_loss": [1.822326703643799, 1.4722877437591553, 1.2683681243896485, 1.1480688137054444, 1.0742987995147706, 1.0563790343284607, 1.0266211811065673, 0.9671846073150635, 1.0075304377555847, 0.9619311462402343, 0.9808834764480591, 0.952105686378479, 0.9580919610977173, 0.9477656180381775, 1.0464502264022828, 1.0964575309753417, 1.052930435848236, 1.0539731232643128, 1.0478604962348939, 1.3480115377426147, 1.1016424032211303, 1.2504607869148254, 1.3551722805023194, 1.3784761631965636, 1.4937370336532594, 1.2328502309799194, 1.3720719060897828, 1.15858937664032, 1.641895080947876, 1.1939724411964416, 1.442255812549591, 1.2471286298751831, 1.6422689466476441, 1.8583480063438416, 1.546007606124878, 1.6238872146606445, 1.264175658226013, 1.6962796323776246, 1.7116617594718933, 1.357432600212097, 1.5702400480270386, 1.252722519302368, 2.043194493865967, 1.2409274589538575, 1.4117664581298828, 1.5616712158203125, 3.030155913925171, 2.0852473789215087, 1.8946685041427613, 1.5898150388717651, 1.2815368938446046, 1.3680706714630126, 1.2607202814102172, 1.8231763219833375, 1.789754244041443, 1.2339995121002196, 1.284573998260498, 1.6933830314636231, 1.678393844985962, 1.9193751579284668, 1.3617030742645264, 1.2435695165634155, 1.5222835321426391, 1.7909793365478515, 1.9400988487243653, 1.5124733723640442, 1.3076734636306764, 2.0014438402175903, 2.1459562971115114, 1.974467813873291, 1.5052310289382935, 1.5239292859077453, 1.945013537788391, 1.945675301551819, 1.6411304588317872, 1.5665351760864257, 1.7947984802246093, 1.6466512491226197, 1.303672073841095, 1.271959086227417, 1.8204997789382935, 1.4551449195861816, 2.168879333496094, 1.3508964504241943, 2.194389370727539, 1.274532187461853, 1.828324160385132, 1.3314785358428955, 1.5597111042022704, 1.6832752605438233, 1.2719149307250976, 2.077926082992554, 1.7684572868347168, 1.7041461699485778, 1.2085330326080321, 2.1758390464782713, 1.7800687736511231, 2.5539929058074953, 2.1894586915969847, 1.5072651002883912, 1.4377674743652344, 1.4916164642333984, 1.1738429540634154, 1.636389732170105, 1.9268390270233153, 1.8825139045715331, 1.3575069303512572, 2.645155936431885, 2.2474417091369627, 2.16864386177063, 1.7247068424224854, 1.7808543872833251, 1.4345461961746215, 1.381467683982849, 2.2889211795806883, 2.1516183082580564, 1.8918117465972901, 2.3013858421325684, 1.3840866523742676, 1.4019871297836304], "val_acc": [0.3444, 0.4777, 0.5464, 0.5895, 0.6201, 0.624, 0.6412, 0.6606, 0.6522, 0.6682, 0.6781, 0.6804, 0.6787, 0.6875, 0.6897, 0.6822, 0.6966, 0.6911, 0.6973, 0.699, 0.6791, 0.6764, 0.7019, 0.6947, 0.6952, 0.7014, 0.7051, 0.6646, 0.69, 0.6719, 0.6986, 0.666, 0.6956, 0.7044, 0.6937, 0.7003, 0.6301, 0.6949, 0.6968, 0.662, 0.683, 0.6424, 0.6956, 0.6772, 0.6643, 0.6797, 0.6562, 0.6841, 0.6788, 0.6601, 0.6117, 0.674, 0.6206, 0.6878, 0.7004, 0.6302, 0.6703, 0.6809, 0.6636, 0.6751, 0.676, 0.6266, 0.6216, 0.692, 0.6925, 0.6842, 0.6766, 0.6946, 0.6894, 0.6859, 0.6872, 0.6909, 0.7013, 0.6909, 0.6628, 0.6083, 0.6962, 0.6755, 0.6241, 0.6787, 0.6838, 0.6762, 0.6689, 0.5931, 0.7049, 0.5935, 0.6998, 0.6853, 0.68, 0.6916, 0.6527, 0.6932, 0.6722, 0.6901, 0.6718, 0.705, 0.6973, 0.6977, 0.6853, 0.6814, 0.6708, 0.6677, 0.6339, 0.6892, 0.6853, 0.6907, 0.6529, 0.6956, 0.6925, 0.6913, 0.6837, 0.6855, 0.6714, 0.6671, 0.6952, 0.6771, 0.6991, 0.6958, 0.6815, 0.6617], "loss": [2.0285649930953977, 1.6561897611618042, 1.4551526905059815, 1.3024872722625733, 1.18742731218338, 1.0924224937438964, 1.0153860925674438, 0.9423040493011474, 0.8729665152072906, 0.8255294031143189, 0.7652541493415832, 0.7209145974636078, 0.6821905260562897, 0.6435573744297027, 0.618093104839325, 0.5850259599685669, 0.5655831688404084, 0.548814282298088, 0.5205910193920136, 0.5240274751186371, 0.49897365081310274, 0.5027453468322753, 0.4821915437936783, 0.47656701817512515, 0.4805642855167389, 0.4604206248998642, 0.47678505976200103, 0.4593934061050415, 0.4610837404847145, 0.47498168115615846, 0.4674265599370003, 0.4666037110567093, 0.47976769161224364, 0.4721043415307999, 0.4765947113633156, 0.47929557056427, 0.4845950757980347, 0.47360061764717104, 0.48628724595308304, 0.48241884833574294, 0.47867533769607545, 0.49035595767498014, 0.4856916936159134, 0.4839297031760216, 0.4918279032945633, 0.5018360725402832, 0.4841092599630356, 0.4993500220298767, 0.48463205837011336, 0.4867880910515785, 0.49480555390715597, 0.5015642679572105, 0.4949708345293999, 0.5007094438314438, 0.5180448803186417, 0.5104068109989166, 0.5067029940366745, 0.5210047599554062, 0.5196912932753563, 0.515841006720066, 0.5365201002597809, 0.5384222123861313, 0.5238369246840477, 0.5226933489322663, 0.5408656023442745, 0.5482255355358123, 0.5347362754702568, 0.5274458851933479, 0.5305584406018257, 0.5322402542173863, 0.532548478794098, 0.5196246362686158, 0.5378357444047928, 0.5147115809559822, 0.5322372658729553, 0.5427962716817856, 0.5392091537356377, 0.5517872996330261, 0.5355996386796236, 0.5457265196800232, 0.54884050116539, 0.5471780456781388, 0.533198569726944, 0.538154394710064, 0.5476546132564545, 0.547568309289217, 0.5471004876613617, 0.5318164351820945, 0.5480151010274887, 0.5348836083263159, 0.5585452034473419, 0.5386907795906067, 0.5324708742141724, 0.541500915980339, 0.5439340363383293, 0.5282678961157798, 0.55557858543396, 0.5341979091882706, 0.5377871933341026, 0.5577303608894348, 0.54423447265625, 0.5176964898914099, 0.5529646820902825, 0.5503827592849732, 0.5386482077300548, 0.5407468968033791, 0.5385944993376732, 0.5558513526558876, 0.5371719577074051, 0.5353912901639938, 0.5466672598838807, 0.5549178391456604, 0.5489763685464859, 0.5482778685808182, 0.5504959678530693, 0.5413216039896012, 0.5237208760023117, 0.5244967736780644, 0.5709374222636223, 0.5409427435159683], "acc": [0.249825, 0.39415, 0.4777, 0.53825, 0.578625, 0.615425, 0.6412, 0.66955, 0.694125, 0.713675, 0.7334, 0.7512, 0.76315, 0.779525, 0.790575, 0.800175, 0.8115, 0.816, 0.82595, 0.828625, 0.83725, 0.838725, 0.845, 0.846825, 0.848725, 0.856575, 0.85215, 0.858925, 0.8608, 0.856925, 0.85865, 0.860825, 0.85855, 0.86095, 0.861025, 0.860525, 0.861125, 0.8622, 0.8607, 0.86195, 0.862425, 0.86145, 0.86495, 0.86635, 0.863575, 0.861825, 0.863025, 0.86485, 0.867125, 0.867125, 0.8625, 0.864075, 0.864925, 0.86415, 0.859575, 0.861225, 0.863575, 0.860275, 0.859975, 0.859, 0.8564, 0.8525, 0.858725, 0.85965, 0.853975, 0.8517, 0.855675, 0.8623, 0.857275, 0.85895, 0.857275, 0.861175, 0.854225, 0.8592, 0.856075, 0.854075, 0.85745, 0.85575, 0.857725, 0.856525, 0.85445, 0.853075, 0.855525, 0.8564, 0.8546, 0.855275, 0.85335, 0.856375, 0.852925, 0.857975, 0.851525, 0.856675, 0.857775, 0.855825, 0.8547, 0.85865, 0.85325, 0.85885, 0.8576, 0.854, 0.85595, 0.861725, 0.854625, 0.8556, 0.856725, 0.85815, 0.860425, 0.8521, 0.85885, 0.8552, 0.857375, 0.855575, 0.8594, 0.853325, 0.858025, 0.85535, 0.86345, 0.862175, 0.851725, 0.85605]}