{"val_loss": [1.7911655994415283, 1.5189233093261718, 1.4679282152175903, 1.3015180438995362, 1.2004985167503357, 1.1089276144981384, 1.0575247146606446, 1.0556035083770752, 1.0621433515548706, 1.0705102284431458, 1.029866854286194, 0.9518736124992371, 0.9976041270256042, 1.0005735291481017, 1.0139977268218994, 0.9755876857757568, 1.0335923845291137, 1.0152112530708313, 1.064510255050659, 1.0170110370159149, 1.0897625534057618, 1.2625540409088134, 1.1364769946098328, 1.1313279291152953, 1.161213646507263, 1.138292255306244, 1.1553079107284545, 1.0709248430252076, 1.2338762149810791, 1.2022317901611328, 1.080596116924286, 1.2484123580932618, 1.158413807487488, 1.3078951561927796, 1.3569241729736328, 1.1681393501281738, 1.5509113268852235, 1.1945265710830688, 1.5543575626373292, 1.492425859928131, 1.3904251525878906, 1.4624458652496337, 1.2653564635276795, 1.397955877685547, 1.2950926288604736, 1.1994005584716796, 1.5751286781311036, 2.0575977052688597, 1.420639165210724, 1.4327161638259889, 1.7830351858139037, 1.3551959547042847, 1.6226464805603027, 1.5491052295684815, 1.2839859477996827, 1.488213060951233, 1.2414769853591918, 1.7416785667419434, 1.5107958170890807, 1.3210645372390748], "val_acc": [0.3489, 0.4508, 0.4671, 0.5385, 0.573, 0.6095, 0.6338, 0.6426, 0.6384, 0.6452, 0.6719, 0.6823, 0.6697, 0.6742, 0.6713, 0.6864, 0.6933, 0.699, 0.6951, 0.6973, 0.6977, 0.7078, 0.6848, 0.6813, 0.705, 0.6834, 0.6657, 0.6957, 0.7143, 0.7111, 0.6976, 0.6837, 0.6881, 0.6881, 0.6979, 0.688, 0.712, 0.6641, 0.5548, 0.6902, 0.7132, 0.7038, 0.7078, 0.69, 0.6049, 0.6654, 0.7061, 0.7127, 0.7024, 0.6952, 0.6962, 0.6867, 0.6909, 0.7094, 0.6979, 0.6926, 0.6695, 0.7061, 0.7125, 0.7034], "loss": [2.1123975435256956, 1.7211626718521118, 1.539109701538086, 1.4188129788398742, 1.3069542395591736, 1.221537239074707, 1.1331553261756897, 1.0643436891555786, 0.9995208001136779, 0.9457344715118409, 0.8917989189147949, 0.8490124882698059, 0.8060164914131165, 0.7769870912075043, 0.7306032480716705, 0.7004574592590332, 0.6697136479854584, 0.6508624835014343, 0.6245767354249955, 0.5975000070810318, 0.5776458713293076, 0.5506075561523438, 0.5317967002153396, 0.5298026566505432, 0.5228898452997207, 0.5088583682298661, 0.4998795683860779, 0.4947563419342041, 0.481845059800148, 0.49355320105552675, 0.4923602334737778, 0.4786300124168396, 0.48316812903881073, 0.49317672264575957, 0.48774339594841004, 0.49040290689468385, 0.4952620335817337, 0.5008466683626175, 0.490074820458889, 0.4954507301330566, 0.5040722308039666, 0.5156612934112549, 0.5085858908772468, 0.5232552640676499, 0.5033524667739868, 0.5319352572083473, 0.523506852209568, 0.5274696478009224, 0.5248718185544013, 0.5159757403552532, 0.531633825147152, 0.5402750851094723, 0.5264713367938996, 0.5338888224840164, 0.5263040234565735, 0.5445188142180443, 0.5309042145609856, 0.5307914844751358, 0.5372864142894744, 0.546535587489605], "acc": [0.22215, 0.3794, 0.44845, 0.498325, 0.539775, 0.572875, 0.6042, 0.63135, 0.65555, 0.6734, 0.69075, 0.7104, 0.721825, 0.7345, 0.74655, 0.7611, 0.77345, 0.779175, 0.78925, 0.79875, 0.804275, 0.814025, 0.821675, 0.82365, 0.827, 0.833575, 0.8359, 0.84215, 0.84595, 0.845425, 0.844625, 0.852225, 0.851325, 0.848975, 0.847725, 0.84975, 0.852, 0.84985, 0.8532, 0.85135, 0.851525, 0.8478, 0.8502, 0.846375, 0.850875, 0.849825, 0.847625, 0.848725, 0.85105, 0.8522, 0.846625, 0.8457, 0.84975, 0.848975, 0.852625, 0.8443, 0.852325, 0.850525, 0.8479, 0.846275]}