{"val_loss": [1.1981915882110596, 1.0094195360183715, 0.9394123938560486, 0.845270419883728, 0.8025740364074707, 0.8119169606208801, 0.8249988535404206, 0.8362787816047669, 0.9386327442646026, 0.766271427154541, 0.7904442606449127, 0.789391079711914, 0.930115691280365, 0.8700351606369019, 0.8129999041557312, 0.8830529886245727, 0.7897149082183837, 0.959367723083496, 1.143624367427826, 0.9506917129039765, 0.8853832293510437, 0.9189898937702179, 0.8992538084983825, 1.1542883071899415, 1.0047818626403808, 0.8763383508682251, 1.056181268978119, 1.069707255411148, 1.0785906027793883, 0.9789454567432404, 1.2848079951286315, 0.9989824781417846, 1.0427284865379334, 1.0233953775405884, 1.1929330795288087, 1.1150817832946778, 1.4092549675941468, 1.11659508934021, 0.9815402241706848, 1.1222339806556703, 1.1119192408561707, 1.6263606650829314, 1.6250166236877441, 1.1921482529640197, 1.1233835376262664, 1.0367469788551331, 1.1121389961242676, 1.0029657939434051, 1.2061798435211182, 0.9906368618965149], "val_acc": [0.566, 0.6469, 0.6739, 0.7095, 0.7298, 0.7183, 0.737, 0.7327, 0.7309, 0.7488, 0.7539, 0.7531, 0.7379, 0.7615, 0.7441, 0.7541, 0.7564, 0.7635, 0.741, 0.758, 0.7525, 0.7591, 0.762, 0.7485, 0.7345, 0.7315, 0.6451, 0.7534, 0.7351, 0.7473, 0.7517, 0.7266, 0.7387, 0.6937, 0.7579, 0.7427, 0.742, 0.7151, 0.7453, 0.7318, 0.7252, 0.7504, 0.7577, 0.734, 0.7433, 0.7431, 0.7313, 0.7342, 0.6254, 0.7304], "loss": [1.7106586582183838, 1.2270478362083435, 1.0269178186416625, 0.8952574396371842, 0.8162835023880005, 0.7518372411251069, 0.7007228316664695, 0.6647767628669738, 0.6416654747962952, 0.6097303007721901, 0.5886677304148674, 0.5664795751571655, 0.5595906229496003, 0.5405353775143623, 0.5343123117566109, 0.5237908329010009, 0.5340077530324459, 0.5267234394133091, 0.5271737309068442, 0.5361207559287549, 0.5390011321991682, 0.5366591130167245, 0.5477403643727302, 0.5457516472160816, 0.5578992168366909, 0.5576963307440281, 0.5688227548599243, 0.5602278751909733, 0.5839059141874313, 0.5830156945943833, 0.5984179294675589, 0.6091033121615649, 0.6167166042417288, 0.6108021204710007, 0.618821966868639, 0.6312687551558017, 0.6215708362936974, 0.632021052338183, 0.63834202709198, 0.6349859120830893, 0.6461682449221611, 0.6541298329234123, 0.6632951950788498, 0.6632480076804758, 0.6575890096127986, 0.6799583053350449, 0.6755226572096348, 0.673217834597826, 0.6626996910721064, 0.689020130598545], "acc": [0.3821, 0.570825, 0.64425, 0.691275, 0.7223, 0.7458, 0.7648, 0.777825, 0.78885, 0.801775, 0.81005, 0.816175, 0.821425, 0.828575, 0.834275, 0.835525, 0.835175, 0.8416, 0.839875, 0.840075, 0.842425, 0.840025, 0.83825, 0.840825, 0.83745, 0.837675, 0.8338, 0.83855, 0.834525, 0.83415, 0.8337, 0.82885, 0.826825, 0.828225, 0.8234, 0.821225, 0.823025, 0.82325, 0.8218, 0.8217, 0.8195, 0.815025, 0.814975, 0.8131, 0.8142, 0.811675, 0.809025, 0.809725, 0.811025, 0.80465]}