{"val_loss": [1.7248000951766969, 1.3352959613800048, 1.1619200692176819, 1.050840281009674, 1.0446742296218872, 0.9901711338043213, 0.9111416686058045, 0.8647861528396606, 0.8542979290008544, 0.8625885837554932, 0.8209595205307006, 0.8902720413208007, 0.9077148658752442, 0.8446305122375488, 0.945114451122284, 0.987175775718689, 0.977587940788269, 1.0954876375198364, 1.0162699295043944, 1.0703772563934326], "val_acc": [0.3961, 0.531, 0.5942, 0.6402, 0.6313, 0.666, 0.6866, 0.7116, 0.7225, 0.724, 0.74, 0.7357, 0.7305, 0.7335, 0.7291, 0.7446, 0.7224, 0.7401, 0.7479, 0.7368], "loss": [2.0469904582977296, 1.5676866716384887, 1.3562740274429321, 1.1839451679229736, 1.051672522354126, 0.9393971342086792, 0.8511216217517853, 0.7819208367824555, 0.7045148953437805, 0.644931234741211, 0.593721051454544, 0.5420894535779953, 0.5018928626775742, 0.45959724152088166, 0.43637134330272676, 0.4045933995127678, 0.38536908571720124, 0.36325284628868104, 0.3554737542629242, 0.34297112349271774], "acc": [0.247275, 0.43925, 0.5207, 0.58635, 0.635075, 0.676975, 0.708125, 0.73415, 0.7608, 0.780475, 0.797725, 0.816475, 0.8313, 0.845, 0.85355, 0.867575, 0.873475, 0.8816, 0.88435, 0.889975]}