{"val_loss": [1.3533356105804444, 0.9396046025276185], "val_acc": [0.5325, 0.6674], "loss": [1.6907120381355285, 1.1776913630485535], "acc": [0.38105, 0.5806]}