{"val_loss": [1.9542443958282472, 1.5109861371994018, 1.315857543373108, 1.2641704550743103, 1.1794979702949524, 1.1059183973312379, 1.0550716588973998, 1.0577958136558532, 0.9853969169616699, 0.9689955617904663, 0.9644716911315918, 0.9651921947479248, 1.0326340373039247, 1.0601635756492616, 0.9686466344833374, 0.9650757167816162, 1.1144071194648744, 0.9730270885467529, 1.1043317852020265, 1.0349727840423584], "val_acc": [0.3245, 0.4574, 0.526, 0.5552, 0.5869, 0.6096, 0.624, 0.6334, 0.668, 0.6744, 0.684, 0.6771, 0.6801, 0.6779, 0.6887, 0.6855, 0.7015, 0.7012, 0.7059, 0.6999], "loss": [2.092406106185913, 1.6936450687408446, 1.5132460731506348, 1.3801998099327086, 1.277807068347931, 1.1756235083580018, 1.1028821348190307, 1.0266273441314697, 0.9714545607566833, 0.9082135418891907, 0.8608654812812805, 0.8082017030715942, 0.7662248166561126, 0.7310204782009124, 0.6943250295639039, 0.658032786655426, 0.6355111901760101, 0.6006411722660064, 0.5820164323568344, 0.5635676750898361], "acc": [0.2296, 0.38925, 0.4613, 0.51005, 0.553975, 0.589675, 0.616075, 0.6467, 0.66855, 0.690625, 0.703525, 0.720225, 0.7383, 0.748475, 0.76455, 0.77695, 0.7831, 0.79805, 0.805325, 0.811925]}