{"val_loss": [1.5209274074554444, 1.2068487594604491, 1.0117623607635498, 0.8861679183959961, 0.7828977116584778, 0.7583210468292236, 0.7258412853240966, 0.75519222946167, 0.7054199766159057, 0.7549881887435913, 0.7267913660049439, 0.7365437818527222, 0.7926196249008178, 0.7626137738227844, 0.8848371053695678, 0.7751866058349609, 0.8828983622550964, 0.8656215156555176, 0.8749480298995972, 0.9439006375312805, 0.8625482583045959, 0.9118681947708129, 1.0582510641098022, 0.9766160388946533, 0.8309835590362549, 1.110475259399414, 1.0512543968200683, 1.2307709352493286, 1.1018419242858886, 0.8606938491821289, 1.1467013555526733, 1.0512646236419678, 1.1590474701881408, 1.2431832759857178, 1.1694212021827697, 1.1602105648040772, 1.1665756296157836, 1.1877476793289186, 1.1550802827835083, 1.332829800605774, 1.0627905294418334, 1.3984763433456422, 1.1654981379508973, 1.2983310850143432, 1.2450015222549438, 1.3304059871673584, 1.1818291593551635, 0.9162755660057068, 1.1954494667053224, 1.3796958600044251, 1.184886118888855, 1.189588419342041, 0.9604353727340699, 1.1544698858261109, 1.4047550632476806, 1.518935115623474, 1.281077261352539, 1.644817618560791, 1.3536538219451903, 0.9100639505386352, 1.8359765171051026, 1.039822933769226, 1.364846742248535, 1.088456792640686, 1.2062456172943115, 1.3563767137527465, 1.3263384048461915, 1.2353236049652099, 1.7079306735992432, 1.2025377608299255, 1.0806537006378174, 1.213478274154663, 1.1649527372360229, 1.0571399698257447, 1.1931726346969604, 1.0531182140350341, 1.3005384706497192, 1.0875822429656983, 1.0476966890335082, 1.1064043879508971], "val_acc": [0.4593, 0.5657, 0.6457, 0.6994, 0.726, 0.7399, 0.7551, 0.7542, 0.7747, 0.7639, 0.7734, 0.783, 0.7738, 0.7756, 0.7861, 0.7838, 0.7769, 0.7842, 0.7901, 0.7854, 0.7881, 0.7832, 0.7804, 0.7848, 0.7725, 0.7855, 0.788, 0.7882, 0.7872, 0.7844, 0.7922, 0.7901, 0.7945, 0.797, 0.7799, 0.7921, 0.7884, 0.798, 0.7933, 0.7835, 0.7894, 0.7888, 0.7715, 0.7943, 0.7868, 0.7985, 0.7818, 0.786, 0.7881, 0.7693, 0.7883, 0.7749, 0.7925, 0.7895, 0.7889, 0.7762, 0.7874, 0.7848, 0.7867, 0.7329, 0.7936, 0.7733, 0.7849, 0.7871, 0.7885, 0.7964, 0.7878, 0.7813, 0.7886, 0.7783, 0.7455, 0.7811, 0.7833, 0.7746, 0.7701, 0.7702, 0.7869, 0.7709, 0.7537, 0.7809], "loss": [1.9005550819396972, 1.3969262057304381, 1.1336124085426331, 0.9484359477996827, 0.8301340438365936, 0.7299020351886749, 0.662292195558548, 0.6018208231925964, 0.5431576991081237, 0.4923413208723068, 0.4520556947469711, 0.41479907426834106, 0.38073427087068556, 0.3603683605313301, 0.32685070056915283, 0.31853945598602296, 0.30024142407774923, 0.2776971013009548, 0.2658875733733177, 0.2546740356206894, 0.25136456434130666, 0.24603107655644416, 0.2437800120651722, 0.23687165094912052, 0.23196293081641198, 0.22850336511135103, 0.23657272013425826, 0.2316169211447239, 0.23327332078814506, 0.22942951911091805, 0.22779301021844148, 0.2399713630437851, 0.23721261537373067, 0.22824871332347393, 0.23108213650882245, 0.23438948976397514, 0.24401488864123821, 0.2440400264441967, 0.2414406768679619, 0.23599870165735484, 0.2521036269813776, 0.25327369520068166, 0.24312708603739738, 0.25469791274666786, 0.2670579021841288, 0.2564277013480663, 0.26402619163542984, 0.2754979842841625, 0.26625498494505884, 0.28411177674084903, 0.2866432187899947, 0.2835932762622833, 0.2930580957248807, 0.2890919245272875, 0.2845218709170818, 0.2842752646446228, 0.2980858792603016, 0.29727085095345973, 0.290340428878367, 0.31321862019598484, 0.30854879889041187, 0.29694830501377584, 0.31890733262896537, 0.3183296289473772, 0.3183430310152471, 0.3326444473773241, 0.3231122124731541, 0.33005581734776496, 0.332268834798038, 0.3313194060921669, 0.33119725821614265, 0.33076148864030835, 0.3454549010336399, 0.3386529034048319, 0.34898801032304766, 0.3426268219769001, 0.3422705806195736, 0.33499440488517285, 0.3570034497708082, 0.3483165000617504], "acc": [0.301725, 0.4982, 0.59945, 0.667725, 0.711975, 0.746625, 0.770675, 0.7916, 0.8132, 0.82855, 0.841475, 0.85495, 0.86835, 0.8776, 0.8872, 0.89205, 0.897125, 0.9048, 0.911625, 0.915025, 0.9163, 0.919075, 0.92155, 0.924025, 0.924975, 0.9266, 0.926725, 0.927925, 0.929425, 0.9315, 0.93165, 0.930775, 0.931325, 0.932775, 0.93315, 0.931, 0.9306, 0.930775, 0.9311, 0.935275, 0.92985, 0.931175, 0.932275, 0.931775, 0.928425, 0.932025, 0.930775, 0.9279, 0.931325, 0.92625, 0.9281, 0.928625, 0.926175, 0.926425, 0.928025, 0.926675, 0.926675, 0.92525, 0.926675, 0.922125, 0.92595, 0.926575, 0.923175, 0.9223, 0.92245, 0.919875, 0.91995, 0.9185, 0.91985, 0.920525, 0.919225, 0.921, 0.916225, 0.9189, 0.91875, 0.919075, 0.91865, 0.92085, 0.915175, 0.9196]}